word;occurences
envoie;3
intacte;1
enrouée;1
arriverait;2
accusés;1
celles;1
séparaient;1
mécontentement;1
générosité;1
recevions;1
crevassées;1
espérances;1
souillé;1
famille;2
prestige;1
aboyaient;1
refera;1
fourches;1
tranquille;2
frotta;1
plaie;1
fussions;1
trésors;3
agita;1
terribles;1
aimable;1
jeté;2
lis;1
recourir;1
formé;2
faciles;1
craquement;2
pressé;2
pouvoir;8
voulais;3
émouvante;1
dont;24
matières;1
construite;1
désir;7
baiser;2
volé;1
nager;3
accueillir;1
adore;1
cun;1
regard;10
empêche;3
mortel;2
entraînés;1
ciel;16
rivière;15
meute;2
circonstances;1
taire;1
tremblé;2
vivant;2
agitation;2
passez;1
garde;5
sens;1
vive;3
peux;9
indemnes;2
herbes;1
étouffée;1
leurs;40
sérieuse;1
deux;52
libres;3
conseil;2
réussirons;1
limoneuses;2
hôtes;1
danger;6
perça;1
aboutissent;1
fusil;25
perlé;1
furieux;1
peuple;3
connaissez;1
sons;2
recharger;2
encombre;1
far;2
brusque;1
retour;5
reine;45
initier;1
détachant;1
flamboyant;1
airain;1
mortellement;2
prendre;16
com;3
apporté;2
noué;1
faible;1
laissé;6
merveille;2
mettrons;1
ordonne;3
représentait;1
fascicule;1
sombres;3
nette;1
»;4
misérablement;1
commandait;1
rencontré;5
imaginer;1
instinctivement;1
alarmée;1
mangez;1
degré;1
hypnotiseur;2
opposant;1
foudroyée;1
accueil;1
couchant;2
remarquablement;1
porte;16
admirables;1
toucheront;1
retirent;1
journée;1
monde;9
lugubres;2
chevet;1
loin;17
abondamment;1
moelleux;1
bravache;1
repris;2
quatorze;1
craignant;1
dirigé;1
conduisit;3
étant;1
tremblerai;1
crains;4
heu;1
changés;1
posant;1
surprendre;1
blessés;2
plu;1
sombre;10
déployaient;3
gréable;1
nous;251
innocente;3
élevait;2
avancèrent;3
recevez;1
aime;9
trouverai;1
écartèrent;1
assiette;1
consulter;1
surveillaient;1
poteau;5
raccourcit;1
allaient;3
couple;1
lorsque;21
panique;1
vivaient;1
effroyable;4
ravira;1
marché;1
ordre;5
sapin;2
solennel;1
alice;135
mécontent;1
sac;2
couper;1
stupéfaction;1
répondre;3
blêmira;1
assuré;1
commerciale;1
maintenant;42
rait;2
fallut;1
entraîner;4
soigner;2
rer;1
dérouler;1
dans;241
tournoyait;1
répéta;4
châtiera;1
compagne;1
allume;1
quelques;20
corps;21
allannah;77
tuer;3
renvoyée;1
chants;1
chaud;2
enla;1
hurleur;1
entrepris;2
dépassez;1
déblayé;1
destruction;3
menace;1
existe;1
commander;3
traîner;1
enroués;2
possédait;1
saute;1
rentrez;1
règle;1
suivrez;1
pleurer;2
partagea;1
commencé;1
d;332
chère;4
improvisé;1
marchant;1
volée;1
apparition;1
pauvres;1
ners;1
effleura;2
délivrer;3
gris;2
visez;1
commodité;1
pourtant;6
violez;1
violents;1
buckskin;6
hankins;69
pensées;2
gèrement;1
chevelure;4
brillants;1
grande;24
sauvera;1
défen;1
entrouvertes;1
réussissons;3
frappaient;1
enroulée;1
néanmoins;1
trouverons;1
abandonne;1
écou;1
pores;1
poussa;6
méprise;2
conjuré;1
bouleversé;1
hésiter;1
abattue;1
arracha;1
sance;1
passait;3
dressent;1
également;1
aventurière;1
profession;1
baisse;1
tremblait;1
risqueraient;1
tieman;5
chevaux;16
chargé;1
traverser;3
sèrent;1
partiras;1
pénombre;1
mériter;1
lambeaux;1
précipités;1
points;1
besogne;4
suscita;1
jouer;1
étrange;1
ment;8
gros;5
insigni;1
ravie;2
détacher;1
délivrance;1
victime;8
gueux;4
indiquera;1
courte;4
venger;3
livrés;1
roche;10
tombent;1
vautours;1
évidemment;5
œil;13
ebooksgratuits;2
abondante;1
séparer;3
enlevée;3
cimes;1
sillon;1
artifices;1
années;2
fondement;1
dire;14
tombés;4
oscilla;1
laisserons;1
revers;2
ému;4
quitté;2
devine;1
rassasier;1
marcher;2
indienne;7
fatigués;2
fera;1
amis;20
vement;1
enleva;3
sommeil;11
laborieux;1
adorent;1
défendaient;1
régler;3
bonne;11
joyeuse;5
animaient;1
blanc;9
sauta;3
traite;1
poussée;1
prononcer;1
complet;2
renvoie;1
cherchèrent;1
lumière;3
entendu;6
vo;1
colonel;2
secours;8
jetant;1
adressa;1
nuage;1
chancelant;1
chat;1
digne;3
nah;2
stupides;1
éclatant;1
jardin;1
modestement;1
étonnée;2
rênes;1
naissance;1
patricec;1
portant;1
tendre;3
gravité;1
dégageant;1
jaune;1
libre;4
livrerai;1
laisse;3
emprise;1
moustache;1
pu;7
derniers;2
faveur;2
désormais;1
mr;21
rires;1
abominablement;1
possibilité;1
souhaite;1
livré;1
point;15
piller;1
remis;1
fourrage;1
explications;1
rieux;1
accomplissement;1
abîme;1
hachés;1
harnachés;1
campés;1
retrouve;1
chevauchée;1
seuil;2
fine;3
autres;30
grain;1
pocrites;1
tenait;5
aie;1
verdissait;1
armés;2
cruelle;1
voulait;18
résisté;1
réunis;1
abattu;2
tire;1
levant;5
regrette;1
secret;3
suppose;1
prit;4
habileté;1
écarter;1
défendue;1
entendent;1
félicité;1
retourna;2
chance;2
appris;3
allumer;2
acceptée;2
serai;4
fa;1
glacée;1
donnerons;1
angoissait;1
serons;6
dispose;1
désa;1
tiers;1
convenir;1
tronc;1
brouillé;1
frank;16
obstiné;1
précipitation;1
pointilleux;1
extrêmement;1
sible;1
regardant;3
volontairement;1
entendre;10
souffle;2
vilaine;1
épouvantable;2
paroles;13
renverrait;1
cherche;3
subi;1
tendu;2
doute;9
répliqua;2
métal;1
vient;5
roses;1
pauvre;15
difficilement;1
liée;2
gage;1
approchent;1
héros;6
apercevait;2
bruit;9
ébranlait;1
criait;5
reste;11
indifférent;1
rocs;1
essayé;1
route;7
écoles;1
lointain;2
mules;1
bai;1
beaucoup;12
contentés;2
avancer;1
sœur;5
espérer;1
effilé;1
apprendra;1
livres;1
aimait;2
bénir;1
supposer;1
épargneront;1
bowie;5
défilé;1
poids;1
clara;1
considération;2
heures;6
tête;36
regarda;6
munitions;1
paille;1
trouveras;2
halte;1
voilà;12
sentiers;3
criminel;1
venaient;1
fût;7
vu;11
aidaient;1
peine;21
exécuter;1
serment;7
train;1
grouillement;1
arrêtant;1
nage;7
logé;1
heureuse;1
occasion;7
carabine;12
gnée;1
pencha;2
séjour;1
prix;2
voile;4
battait;1
mutuellement;2
fermez;1
fonde;1
déversait;1
hypnotisée;3
conduite;1
revolver;5
odeur;1
emportant;1
justes;1
manière;7
agitée;1
distinctement;2
entrait;2
appartient;1
écrasés;1
débordant;1
accompa;1
tardez;1
première;7
février;1
refuser;1
accident;1
voyage;2
buvez;1
singulière;1
pleure;1
subitement;4
croyions;1
gauche;3
ferai;3
fractuosité;1
vingts;3
abri;4
pareils;1
«;4
bant;1
croyait;2
poursuivait;1
ton;19
chicago;2
revenus;1
bandes;1
galop;6
fournir;1
fidélité;1
partit;1
dehors;10
traces;4
gentleman;1
sentier;4
met;1
désirer;1
étouffé;1
auraient;3
assez;14
partager;1
habitation;1
innocent;1
excitait;1
bouffée;1
état;2
rencontrions;2
scène;1
ordonné;2
apportèrent;2
combien;1
là;52
dieu;20
utiliser;1
éclairs;8
clair;4
chemin;25
difficultés;1
dispersés;1
effusion;1
sombrero;1
tir;1
insolite;1
imita;1
hideusement;1
sentinelles;1
vertu;1
firent;4
salut;4
perdue;6
mers;1
gémir;1
voudrais;1
départ;2
partez;1
meurtrières;2
écoutait;2
veilla;1
pure;1
resté;1
confiez;1
cheveux;6
émerveillement;1
précision;1
hésita;1
aucun;10
coin;1
émo;1
prévenue;1
couteau;2
importance;1
courage;2
blêmes;1
endormis;1
informes;1
cinq;6
exécution;3
attaque;11
regardaient;2
immédiatement;4
rincer;1
préparé;1
terriblement;2
ah;39
pire;1
annonce;1
serrer;3
heureux;1
solitude;1
écoulées;1
plaisait;1
sauvée;2
périsse;1
peints;1
jouissait;1
tentes;4
imagé;1
trouvèrent;1
repartir;1
impossible;3
invitation;1
ramène;1
souffre;1
wild;2
tut;1
mort;40
forte;5
attention;7
plans;3
quelque;17
pourrait;7
fièrement;1
aspect;3
raconta;1
grand;41
blond;1
longe;2
trouver;6
quart;2
masse;2
précipitè;1
battant;1
blesser;1
désolé;1
cracher;1
pense;6
gens;34
rachètera;1
étourdie;1
on;60
be;1
ogallal;1
verrai;1
devint;1
fume;1
colons;1
guerrier;13
rougeur;1
réveilla;2
emmener;2
jaunâtre;1
sil;1
devoir;7
an;3
relève;1
éclaircie;1
fracassa;1
prématurément;1
éclaircir;1
rangea;1
pressentir;1
propose;1
allés;1
disparut;3
canon;3
prêts;2
douloureusement;1
plaine;3
dial;1
ramassé;1
animé;1
moyens;2
éprouvé;1
service;1
méprisante;1
ci;18
écoutant;1
reçues;1
abrupt;1
nuque;1
dévoilerai;1
célébrons;1
compter;3
reçurent;2
passer;9
tandis;4
grandes;1
dommages;1
confusion;1
brave;5
inaperçu;2
vivre;2
bond;1
américain;2
entre;14
capitale;1
désordre;2
voudra;1
fâchée;1
ai;65
lancèrent;1
oublierai;1
plonge;1
allumerons;1
virent;5
lente;1
améliore;1
tardèrent;3
comparable;1
décidée;1
campement;25
absorbé;1
découvrir;2
échappèrent;1
fin;7
choisi;2
renonça;1
serions;1
trouvée;2
pipe;1
accroupi;2
cria;23
dut;5
venez;4
ouvre;1
demanda;16
usage;1
rosées;1
juste;8
vivra;2
soupçon;1
suite;10
rester;3
accord;3
écrite;1
grosses;1
vénération;1
nature;1
portent;1
chercheras;1
rumeur;1
trouves;1
ventre;2
honorait;1
recula;1
visse;1
vil;1
brièvement;1
devez;3
sincérité;2
intitule;1
blanchir;1
souriant;2
lement;2
appelé;4
hait;1
renseigne;1
gravement;1
sachez;2
courtes;1
lune;2
annoncer;1
dessein;2
sa;146
parmi;4
gazon;1
mus;1
parlé;2
vers;32
selle;5
puisse;7
conduire;3
amies;2
célébrerions;1
perdre;9
corde;2
aperçurent;2
hurlait;1
fraîche;2
loup;1
demandait;2
occupé;1
buf;1
grièvement;3
fort;11
tomba;5
jusque;5
bêtes;6
pourriez;2
vivants;1
chêne;1
somnambulisme;1
gars;1
ja;1
inutile;1
avaient;43
greaves;4
harnais;1
inclina;4
tarde;2
perte;3
sonné;1
fatigué;1
apercevoir;1
protestation;1
recul;1
facilement;1
griffes;1
mesurer;1
préserver;1
trésor;1
jaunâtres;1
sommet;2
éviter;2
protégeait;1
paysage;1
laisserait;1
vainqueurs;1
membres;7
exposer;1
menée;1
émue;3
fond;2
cou;6
herbues;1
discret;1
proposez;1
viant;1
agi;2
tournée;1
tendrement;3
intégrité;1
haine;2
garantir;1
malin;1
promesse;1
anderson;7
changement;1
installa;1
vrais;1
profonde;3
rendre;7
façon;8
tiré;5
lave;1
écartant;1
écoutèrent;1
gaillards;1
surface;1
vécu;2
été;16
sentait;1
évanouir;1
menu;1
suffisait;1
regagna;1
inquiétude;4
ajouta;2
sucera;1
possédons;1
tresse;1
hier;2
rassurer;1
rarement;1
ouvrait;2
salue;3
rement;1
préparatifs;1
atteindrais;1
tentative;1
accompagné;2
sanglotant;3
rapprocher;1
lances;4
morts;2
gigantesques;1
distance;5
colombe;2
poisson;1
tement;2
pris;9
jaunes;2
rouler;1
dressaient;1
énergie;2
poignée;2
accentués;1
plaira;1
réveiller;2
frémissant;1
réfléchir;2
chercha;1
fournit;2
n;138
blancs;9
résonna;2
roches;11
puissant;2
fosse;1
pluie;6
tirer;5
fiantes;1
lesquels;1
environ;7
direc;1
surveiller;1
jolie;3
chambranle;1
changer;1
vincentr;1
volaient;1
disait;6
putois;1
plongez;1
laissa;4
vaut;2
mugit;1
armes;4
balançait;1
conserver;1
mes;28
miséricorde;2
veulent;2
adressant;2
attendons;1
comprends;2
danse;1
soumettre;2
alliance;1
reconnaissant;2
parabolique;1
intervention;1
emporté;1
derrière;25
vise;1
toucher;3
tourner;1
remporter;1
ogal;2
couleur;2
pût;2
abandonnait;1
fortune;1
caverne;2
mère;8
caresser;2
osez;1
nageait;1
sortie;1
fixes;1
cruels;1
entendez;4
fortement;1
couteaux;1
site;2
baguette;1
évalue;1
fermes;1
disent;1
oh;5
essayer;1
obscurité;1
releva;3
fumante;1
ayez;3
soutint;1
autre;32
craignent;1
fussent;2
pardonniez;1
maudissait;1
cacher;3
destructeur;1
quitte;1
ma;55
sœurs;5
danseurs;1
attendit;1
heure;21
bonjour;1
audace;1
gardaient;1
calmez;1
maisonnée;1
convenait;1
compagnon;4
vint;2
allez;2
barbet;1
feu;26
tom;37
premier;7
respiration;2
taque;1
dépenser;1
enfin;4
ouverts;6
enthousiasmée;1
savais;2
emportaient;1
fracassant;1
cha;1
puissance;2
vis;2
faiblissant;1
lotty;70
sup;1
ronde;1
protecteur;1
réussi;1
portée;3
châtiment;3
adressait;1
ils;107
squaw;9
installé;2
paierez;1
rêveur;1
diquant;1
rare;1
connaissons;1
habitaient;1
pourrons;4
gentille;1
pars;1
canaille;1
desquels;1
refaire;2
permis;3
rasséréna;1
apparence;1
recommandant;1
rôti;1
tout;108
écartez;1
écoulée;1
aurait;13
obéissante;1
disposer;1
blessures;3
rouges;24
sir;1
naturellement;1
supporterai;1
gisait;1
approcha;1
abandonnons;1
regards;3
aimé;2
formes;1
fracassées;2
passion;2
reverras;1
étroit;1
ruses;1
gardé;2
réunions;1
lauriers;1
dardant;1
troisième;1
appuyée;2
gâteaux;1
semble;1
effrayée;1
attirer;1
eh;9
maïs;3
dangers;1
j;66
ferait;2
brûlait;1
particulièrement;5
fuyaient;1
changé;1
appelle;5
blonde;1
fumez;1
costume;2
sieurs;1
promena;1
crier;2
enseigné;1
neuf;2
avare;1
divine;1
noyaient;1
épandit;1
cent;3
touché;1
échapper;4
tués;1
mary;1
favorisé;1
dait;1
direction;5
tirerai;1
appel;4
indiquer;1
repos;8
coûte;1
plaise;1
manteau;1
approchait;2
fouet;1
prendrai;1
tomberez;1
affaire;10
envie;5
afin;1
descendue;1
timbrée;1
donnèrent;1
fouil;1
hâtivement;1
cinquante;1
regarder;6
danser;2
hanches;1
précédente;2
existence;1
vrai;9
épaulé;1
sorcier;1
fendaient;1
brandissant;2
entra;1
tel;3
reformèrent;1
cueillir;1
endroit;8
rendu;2
poursuivaient;1
guerrière;1
posait;3
matin;8
viens;3
faite;3
détente;1
butté;1
flotte;1
avertir;2
mourir;6
gaieté;1
opérer;1
vent;12
attendaient;2
calmèrent;1
devenu;2
oser;1
sauront;1
affermit;1
christinen;1
prochain;1
nécessaire;1
exerce;1
arbres;9
parlerai;2
aube;2
crièrent;1
roulait;2
cordialement;1
scalpe;1
enfuir;1
imprécation;1
ensemble;7
poudre;7
texte;1
murmurait;1
renard;1
ces;51
douloureux;1
ici;25
voulez;4
versèrent;1
quatre;9
cheyennes;46
richesses;1
maisonnettes;1
arrogamment;1
partir;3
briller;1
montèrent;2
étoile;2
inanimé;1
serpentait;1
sanglante;1
interrompît;2
servais;1
tenaient;2
redoutaient;1
fille;54
pouvaient;2
hardi;2
réclameraient;1
tira;2
cru;1
habitait;1
assise;7
mette;1
briser;1
profondément;5
vas;2
siez;1
place;7
toute;21
prétendre;1
flamme;2
attendait;1
obligés;1
régalèrent;1
vantez;1
eu;8
rafale;1
arrangez;1
perversité;1
lugubre;1
levait;1
louanges;1
chevaucher;1
directions;1
aboutiront;1
glaciales;1
coutumes;1
cordial;2
ambition;1
durer;2
placés;1
gracieuse;5
justice;1
pendu;1
cédèrent;1
creusez;2
rôle;1
purent;2
désirerai;1
table;6
coutume;1
monte;1
soumets;1
commenceraient;1
courut;2
restés;3
suit;1
massif;3
précautions;2
répand;1
improviste;1
égorger;1
trompez;1
devons;10
témoi;1
caché;1
entoura;1
avançait;1
allassent;1
doigts;1
tions;1
empêcherait;1
longuement;4
bouché;1
prenaient;3
praticien;1
maî;1
immédiat;1
boucherie;1
poussé;1
considérablement;1
parais;1
conscience;1
hypnotisme;3
frappante;1
primitive;1
crépitèrent;1
at;2
inclinait;1
puisqu;1
vaincre;1
caresse;1
préparée;1
exprimait;1
déchaînait;1
utile;2
accourait;2
intervalles;1
festoyeurs;1
jaillir;1
pas;283
aller;7
divinité;1
envoyait;1
serait;12
mortelle;3
pressées;1
voulant;1
eau;36
fatigue;1
réfléchit;2
jeunesse;2
éperonna;1
satan;1
blondes;3
forêt;11
arrachés;1
quelle;2
vision;1
insolent;1
bord;10
armer;1
échanger;1
passionné;1
échapperiez;2
lut;1
lais;1
aventure;4
murailles;2
pause;2
infernaux;1
favorable;1
blanches;3
vaillante;1
disant;4
relever;1
tombée;3
pénétrer;2
aurons;3
quoique;3
données;2
surent;1
hésitant;1
commodes;1
protéger;1
taper;1
blessent;1
soutenir;4
pressaient;1
dirai;1
époque;1
aimer;3
éclatera;2
nomme;1
tempes;1
votre;42
attachaient;1
vitesse;2
doutez;1
nuits;1
docteur;1
quittèrent;1
endormirent;1
accompli;1
cruche;2
question;6
patriarcale;1
grosse;1
revoie;1
ruine;1
fracasser;2
distinguer;1
transportèrent;1
attentivement;2
secrètement;1
jadis;1
consultons;1
entourait;1
congé;3
donnez;2
convulsion;1
lumineux;1
luisants;1
dressez;1
tordant;1
dirigeaient;1
tonneaux;5
connaissait;2
dienne;1
tuent;1
continu;1
montait;1
réponse;5
entrèrent;1
mettre;9
donnerais;1
glais;1
tirèrent;1
garnison;1
quille;1
triomphant;2
sou;1
recevoir;2
ligué;1
plupart;1
serais;1
fortifier;1
couverture;2
petite;28
quitta;3
foudre;1
montraient;1
familier;1
inconnu;1
besoin;12
réprima;1
poursuivants;1
pénètre;1
poussent;1
trahison;1
chasseur;22
vos;8
fiancée;1
trompes;1
sans;66
pâture;1
satisfait;1
lorsqu;25
amusait;1
pidité;1
anime;1
sursauta;1
cadavres;1
étrier;1
étions;2
fixe;1
ravisseur;1
désagréablement;1
réussissais;1
dangereux;1
tordit;1
sulfureuse;1
monté;3
approchant;1
en;342
mémoire;2
généreux;1
exclusivement;1
merci;1
bas;19
pouvait;19
pensez;3
donnât;1
accueillit;1
bords;1
protection;5
humides;2
tomber;8
atteint;4
groups;1
tristes;1
possède;2
région;1
retira;2
moi;74
hâte;3
emporta;1
commune;4
compte;5
possession;2
éclair;10
piquer;1
pousser;2
humains;1
regarderai;1
alarme;3
vont;1
sauver;4
honnête;3
avouer;1
souffrirai;1
entièrement;1
serra;2
commanda;5
suffisantes;1
circuit;1
manger;1
traverseront;1
dresser;1
finesse;1
émigrants;2
baisez;1
réuni;1
obligée;1
refluait;1
vaux;1
misérable;6
lèverait;1
hurlant;2
exposé;1
cesse;2
queue;1
pouvez;5
promets;2
diriger;1
voiture;4
autour;16
dents;7
guet;1
plume;2
splendide;1
bouillante;1
frénétiquement;1
lu;1
malade;2
régalait;1
boueuses;1
grands;5
mettez;1
devenue;1
taille;2
dégouttait;1
mailles;1
extraordinairement;1
maîtriser;1
rapprochait;1
résistance;1
consommé;1
effréné;1
tombe;3
sembla;2
lamentable;1
poursuivent;1
fuyez;1
légèrement;3
rappelons;1
vit;11
cérémonie;1
remmener;1
destinée;2
coururent;2
charme;1
ters;1
mienne;3
reposa;1
ensuite;1
souple;1
véritable;2
seront;4
teau;1
propriété;1
gravirent;1
blessé;10
abattre;1
flots;3
solidement;1
regardez;1
cachée;1
remettre;2
merveilleux;1
di;1
établirais;1
sente;1
papillon;1
furent;12
dirigèrent;1
un;383
naisseur;1
cotonniers;5
avancée;1
orifice;1
espace;2
appartenir;1
mouvement;8
maintenue;1
aspirer;1
jaillirent;1
fumée;1
disposé;1
posté;1
daient;1
médicales;1
rousse;2
fois;41
dernier;7
tombèrent;3
ruisseler;1
pleine;3
libérateur;1
orient;1
faut;28
enfermèrent;1
partie;5
bevins;24
revenir;4
blanche;38
tri;1
spectrales;1
irai;1
trouverait;1
prisonnières;1
vétéran;1
raisons;1
tempe;1
prenez;2
honnêtes;1
éloignez;1
supplice;5
rudesse;1
quoiqu;1
risque;1
pressait;1
soigneusement;1
saura;2
osé;1
luxuriant;1
ancienne;1
mande;1
ceux;18
nez;2
éternité;1
jambes;2
larmes;9
campagne;2
difficile;4
chemins;2
le;586
quatrième;1
disparu;1
expliquait;1
tripleflèche;34
joues;6
curieuses;1
montrant;3
bâtiment;1
secouant;1
jack;112
attela;1
négligemment;1
méprisaient;1
fortifiés;1
hébétude;1
furtivement;2
gonflé;2
redoutant;1
enseigne;1
jette;1
remercier;5
apercevant;1
penser;2
cœur;28
compris;1
tuerait;1
épouse;1
battit;1
causé;1
nullement;1
têtes;2
broussailles;1
lecteurs;1
forces;3
folie;1
épuisante;1
cor;2
précaution;1
agréable;3
terrestres;1
franchir;4
commise;1
travers;5
promis;3
lusion;1
parents;1
conseillerai;1
fermant;1
sé;1
riche;1
extraordinaire;2
rose;2
saisir;5
mari;10
maître;5
vallée;1
venir;9
creek;58
car;47
dernières;1
excellente;3
sortit;4
vêtement;1
enle;1
rattrapés;1
champ;5
arrivera;2
pardonner;1
effaçât;1
observer;1
près;26
devenir;1
apportez;1
rend;1
soyons;1
perçait;2
sortait;2
tiraient;1
écho;1
occupaient;3
trot;2
cheval;43
seul;14
paraissait;7
souleva;4
puisque;2
intelligent;1
textes;2
dressé;2
hau;1
malheur;2
projette;1
dépens;1
tienne;1
sud;1
pactiserait;1
volontaire;1
témoin;2
signifiait;1
dressant;1
aurai;2
emplir;1
plantant;1
vingtaine;1
tendant;2
sion;1
avertissement;2
larrons;1
vée;1
tu;98
barils;2
nue;1
leva;2
joyeusement;1
enfermait;1
bienvenue;2
poigne;1
content;1
aussi;35
potence;1
vaient;1
laissez;7
raisonnables;1
frappé;7
intérieure;1
emparer;3
rattraper;2
guettent;1
bleu;1
arbustes;1
nageur;1
survenu;1
pleflèche;1
savait;13
les;410
seulement;13
arrangé;1
bientôt;11
reconnut;3
tenu;4
arme;2
langage;2
adresser;1
nettement;6
falo;1
était;149
canaillerie;2
sur;172
apaiser;1
trompent;1
guerre;7
splendides;1
simplement;3
magique;1
voyait;4
rescousse;1
soit;12
tonna;1
prononça;1
saurai;4
extérieur;1
doux;3
lions;1
fausse;2
effroi;7
terrestre;1
silence;13
crâne;5
bateau;1
nom;13
creusa;2
mor;1
requise;1
éloigna;1
éperons;2
convaincs;1
souffrir;2
contemplant;1
domaine;1
heureu;1
tran;1
construites;1
vitre;1
sauverai;1
se;238
pâle;3
tiens;2
ébaucher;1
rayons;2
manques;1
venue;2
ordres;1
tomahawk;7
atteindre;4
songer;2
spacieuse;1
hospitalité;1
aborder;2
tribu;2
payer;1
empêcheront;1
pagnons;1
telle;4
foyers;1
montrait;1
évalua;1
conclusion;1
monture;2
couvercle;1
suffisamment;1
sanglotante;1
nouvelles;2
nagé;1
maudit;1
dédain;1
poursuivront;1
participé;1
hésitante;1
tromper;1
délivrées;2
guides;1
avais;7
étriers;1
émergé;1
buisson;3
laquelle;5
littéraires;1
ouverte;1
rappelait;1
qui;237
émouvoir;1
arkansas;26
coupée;1
légitime;1
accabler;1
vérité;4
espionner;1
géants;1
faisaient;1
diras;1
garantie;1
tendez;1
cher;1
lallas;2
viendront;2
devenues;1
retenir;4
baisait;1
ravissante;1
trouvaient;2
fixèrent;1
découpés;1
diaboliques;1
gnage;1
coquins;9
branlant;1
observé;2
devrait;1
trouvons;1
fiançailles;1
émeraude;1
précipita;3
continuons;1
rage;8
passions;1
signe;7
pis;2
triomphait;1
examinait;1
inquiétais;1
criblés;1
dressait;1
mis;5
professionnelle;1
faisait;10
demeurer;1
craignez;2
encadraient;2
parla;1
interrompait;1
gouverner;1
meilleurs;3
située;2
calme;6
enfonçant;1
parcours;1
classiques;1
pathétique;1
abattus;2
ferons;4
impression;1
présence;3
attendent;2
cuir;1
hautes;2
embarquèrent;1
servi;1
trois;14
stupidité;2
retentissaient;1
vus;2
chercher;7
épaules;5
marchait;1
postes;1
suffit;2
désireras;1
rasé;1
dirigea;1
causer;1
dispositions;1
semblez;1
graine;1
poche;1
écartaient;1
cliqueter;1
réellement;3
valides;1
vide;2
ajouter;1
monstres;1
commission;1
sodome;1
voie;3
offrit;1
réprouvés;1
pensa;1
attendrir;1
tardivement;1
noire;9
glissait;1
arbre;3
rougissent;1
tabac;2
chacune;1
crispa;1
martialement;1
avancé;1
suicide;2
supporter;1
couvrait;2
arriva;1
appliquait;1
lentement;5
promouvoir;1
cédez;1
laissèrent;1
reconnaissants;1
échappait;1
repaître;1
vie;29
souvent;2
de;1167
voyager;1
vienne;1
douze;10
cachés;1
célébraient;1
allonger;1
doigt;2
deviné;1
suivit;2
refusons;1
hocha;1
lion;1
menaçait;1
lutte;7
sous;24
tiendrons;1
demi;8
ser;1
tourmentait;1
rendait;2
camp;6
contenta;1
hennissement;1
étaient;34
pierre;1
transporter;1
mettaient;1
colline;2
certes;2
fous;1
belle;20
revue;2
pareille;1
librement;1
jusqu;20
grève;1
cherchait;2
maint;2
françoises;1
suspendu;1
dessus;14
tombeau;1
cadeaux;1
beauté;3
fugitifs;1
éloges;1
connaissaient;1
voulons;1
inventeur;1
tapage;1
veux;22
chaude;1
emmené;2
air;20
vaudrait;1
importe;3
net;1
qualité;2
forçait;1
enlèvement;1
osassent;1
hâtait;1
musicale;1
bataille;2
énormes;2
reconnu;2
mourant;1
fit;38
jeunes;4
rapprochées;1
meilleur;2
dès;5
bois;11
calice;1
amicalement;1
refermèrent;1
récit;1
succédaient;1
connaître;2
méprisé;1
restera;1
évidence;1
rien;14
prunelles;1
danserions;1
delà;1
endormie;2
attaqués;2
formait;1
boirons;1
raconté;2
essayons;1
presque;9
regardiez;1
prend;1
écoutez;2
et;718
parcourut;1
convenu;1
frère;5
arrivés;3
cas;6
prêtes;3
tente;14
tirait;1
trice;1
aide;3
voudras;1
oreille;7
embrassèrent;2
garantis;1
soulevait;1
produira;1
immense;2
perdit;2
étreignant;1
tour;7
débris;1
façade;1
humeur;1
incident;2
craquaient;1
braves;1
rendue;1
discrètement;1
culasse;1
aban;2
saisirent;4
fermiers;1
reposons;1
éloignait;3
soleil;8
reprises;2
placé;1
lourds;1
mauvaise;1
brouille;1
prenne;2
frapper;2
importunerai;1
distinguaient;1
enfonça;4
partagerai;1
jetaient;1
décider;1
triomphé;1
aiment;2
conjure;1
pli;2
bouche;6
signal;4
pouviez;1
moment;30
gardés;1
décision;1
poursuite;5
peau;7
régnait;4
contre;29
ha;1
elles;18
instant;11
dégringolent;1
capon;1
rochers;3
caboche;1
accroupit;1
envi;1
val;2
kitty;8
lieutenant;1
minutes;17
prirent;2
chargeant;1
mangea;1
dessous;3
nourrir;1
fini;2
botte;1
retourner;2
sauter;3
visible;1
retournait;3
éclairant;1
sifflé;1
renvoyer;1
caressant;2
na;1
conversion;1
calculs;1
ri;1
laissait;1
plan;5
tort;1
enroula;1
genou;1
toi;21
indiens;29
riposta;1
six;2
raconter;2
épaulant;1
faciès;1
santé;2
field;1
dévorèrent;1
risques;1
apparus;1
au;145
grise;2
comme;92
drôle;2
dominatrice;1
élever;1
lève;1
venu;1
particulier;2
détonation;3
oublier;1
disputes;1
fas;1
soignée;1
cassette;1
édition;3
visage;17
accoutumées;1
sien;2
je;283
soudain;7
transport;1
pieusement;1
puni;1
front;13
vif;2
trembler;2
animal;4
courait;3
renversa;3
éclaire;1
jeter;4
étoiles;2
calmée;1
fleur;22
vraie;1
plumes;1
donner;10
crinière;1
tint;3
restèrent;2
chaleureusement;1
coulaient;1
parler;4
frisson;3
mai;2
vengeance;2
suis;27
tairai;1
époux;2
morgane;1
résultat;1
sois;1
colère;2
ogallallas;32
puissamment;1
loger;2
assistant;1
tremblement;1
sauté;1
mûre;1
massue;1
éclose;1
inaperçus;1
arrêt;1
chrétien;1
éclairait;2
malintentionnés;1
jeta;7
viennent;1
assaillis;1
retombaient;1
perçants;2
tumulte;1
trouble;1
indien;28
asseoir;1
milles;3
enfants;4
merveilleusement;1
prît;1
troublée;1
n°;1
inopinément;1
sommes;18
joue;4
grimpaient;1
assommer;1
brigand;3
domina;1
but;1
oiseau;2
washington;1
apprends;1
éclataient;1
maigres;1
sang;29
vi;2
femmes;21
darling;3
barrer;1
depuis;11
flancs;2
compagnie;4
chassés;1
condi;1
caporal;5
gard;1
allongent;1
aperce;1
mène;2
rat;1
joie;3
puissante;2
approcher;6
battre;1
hérissait;1
massacrer;1
loups;1
réveille;1
liard;1
plesse;1
repoussa;1
admirablement;2
tenir;8
toit;1
déterminé;1
semblent;1
rapidement;6
corrections;1
brigands;1
ayant;2
plaignez;1
songeait;1
çà;1
couler;1
noces;4
entrés;1
élégant;1
priait;1
offense;1
faufila;1
yahoo;1
holà;1
considéraient;1
briserait;1
fendu;1
joints;1
extraire;1
invisibles;1
déjà;30
laissée;2
blocs;1
déraciner;2
paraître;1
enseveli;1
parcouru;1
immenses;1
camarades;2
user;1
frères;2
tambour;2
autant;9
pouce;1
facile;2
serres;1
découvert;3
motif;3
anfractuosités;1
ferme;25
vert;1
reproches;1
gisant;1
quitter;4
force;9
encadrement;1
avant;31
cavaliers;11
goût;1
par;91
préservant;1
esquif;2
assombrit;1
nocturnes;1
vieille;2
hostilité;1
voulaient;2
don;6
sui;1
prospérez;1
os;1
déchargé;3
courir;6
atteigne;1
lant;1
empreints;1
ramené;1
buffalo;242
est;209
pleurait;1
faites;6
passé;6
laissera;1
soif;2
damne;4
éclai;1
fuir;1
règne;1
résoudre;1
pendre;1
veines;1
tranquillement;2
fendent;1
cody;27
tairez;1
fils;2
catastrophe;1
tourné;1
crainte;4
fallait;4
étendue;3
attends;1
savoir;9
à;615
vagues;8
permettre;2
capable;1
assombrissaient;1
foule;1
inquiétait;1
lées;1
marie;4
arrivée;1
attend;5
trompés;1
redeviendrais;1
paisible;2
anéantiraient;1
foi;2
remue;1
m;55
terrible;2
insista;1
recueillait;1
connue;1
brillé;1
sourire;1
verrez;2
poing;4
ainsi;18
verra;1
pos;2
regarde;5
combat;11
paraissaient;2
excellent;1
attacher;1
crépitaient;1
clameurs;1
tous;41
notablement;1
comptes;4
montra;2
premiers;1
publiquement;1
valeur;1
eût;2
promenant;1
défaut;1
deviennent;1
enterrer;1
considé;1
vigilant;1
allait;7
fer;4
prendrons;1
arrêtez;1
ses;129
moindre;2
survivants;2
pitoyables;1
élan;2
ô;5
rocher;8
projets;1
proie;4
établi;3
rejoindre;1
retiré;1
inanimés;1
établissements;1
poste;2
deviendra;1
volonté;8
pensons;1
tournez;1
quement;1
connaît;2
sommets;1
diables;4
rendirent;1
porta;3
hais;1
doivent;4
heureusement;2
mouvoir;1
conduisait;1
douce;2
hy;1
enlevé;2
milieu;9
considérait;1
scélérats;1
gué;12
solides;1
emparée;1
fiévreuse;1
ajuster;1
tels;2
attentifs;1
rapprochèrent;1
lois;2
gagneront;1
prête;4
frénétique;1
violence;2
coupe;1
étonné;1
allemande;1
peu;18
pin;1
reçu;2
lannah;1
efforts;3
vieil;8
résister;4
allons;19
rencontre;2
plaints;1
frire;1
entend;4
redevenu;2
apparu;1
balle;15
apprenant;1
dormez;1
douloureuse;1
sont;19
babiller;1
roulement;1
accourant;1
étrangère;1
chaudes;1
éloge;1
arrachèrent;1
procurer;1
soient;1
déchirer;2
purs;1
croire;7
platte;1
attristés;1
vez;1
détacha;1
capital;1
noble;4
accompagnerai;1
concentrer;1
écurie;2
boucles;5
trompe;2
sioux;3
in;2
indications;1
trompé;1
venues;1
poussière;1
siennes;1
resta;3
tordait;1
considéré;1
rapide;5
trent;1
écumait;1
lit;4
serrant;2
desséchait;1
supplia;1
parlait;3
sauvez;4
filaient;1
protégera;1
embuscades;1
affection;1
trous;1
fièvre;2
accompagna;1
masquaient;1
paix;5
tapant;1
poi;1
expression;5
rosée;1
mettant;1
arrêta;3
repartit;1
bandeaux;1
autrement;8
fai;1
écrasant;2
pourvu;1
marquée;1
crédit;1
estimé;1
fermeté;1
habituel;1
couvrir;1
supérieur;1
supporté;1
tourna;4
voyant;4
fallu;2
défi;2
montrez;3
nerveux;3
cet;12
profond;5
résolutions;1
celui;11
parvenue;1
soufrés;1
poings;1
retomber;2
contracta;1
west;2
clamation;1
vin;1
ami;15
victoire;1
pansement;2
côtés;7
entourée;1
bavardant;1
soulever;3
grèves;1
trousses;1
remplir;1
chéries;1
ra;1
mensonge;2
échangea;2
aura;2
horreur;3
belles;2
tenons;1
royale;1
maintenir;1
armée;2
convoi;1
protèges;1
mélancolie;1
carabines;2
sottise;1
reuse;1
sillonna;1
rurale;1
sortira;1
compact;1
établissais;1
peur;6
cipiter;1
tient;5
monterait;1
original;4
petits;3
suspendirent;1
longs;2
mystères;1
ordinairement;1
apportée;1
filles;2
ogallalla;14
reposais;1
serrement;1
scalpes;3
eurent;6
projet;1
vibrante;2
bâtie;1
épiés;1
troublerons;1
attaquer;2
détesté;1
envolée;1
affala;1
ta;13
vue;8
douleur;3
tard;10
tâtons;1
gaiement;1
amical;3
intéresse;1
immobile;3
épaisseur;1
mèche;1
haut;14
célérité;1
mêlent;1
renseigner;1
bourreaux;1
possible;8
tireur;1
croyant;1
tend;1
paissait;1
coula;1
trouvent;2
sement;1
balayés;1
jour;7
touchés;1
précieux;1
cassé;1
meilleure;5
rouge;13
décidez;1
occuper;1
chef;10
charge;1
meules;1
déclara;4
besoins;1
prière;2
poursuivrons;1
nos;18
infernale;2
protège;2
commandement;2
retentirent;3
nouveaux;1
réel;1
fatigues;1
nouveau;6
hésitent;1
étrangeté;1
empêcher;2
prononcé;2
traité;1
rejetant;2
lanière;1
rappelez;1
décida;2
stupé;1
mulden;7
redressé;1
répondis;3
discrétion;1
fée;1
fuite;9
poteaux;2
obscur;1
aperçoive;1
reproche;1
troupes;1
irlandaise;1
diffé;1
détour;1
conformer;1
mobiles;1
aventura;1
mouvements;1
ouvrirent;2
marmoréen;1
chez;6
terreur;1
basse;6
croyez;2
dis;6
ramasseras;1
tutelle;1
eut;15
panser;1
gémissant;2
mystère;3
audacieux;1
oreilles;1
produite;1
trouveront;1
considérable;1
cohue;1
pourra;2
aveuglément;1
guère;1
confier;1
ouragan;1
occupait;1
contenir;2
entendait;3
ré;1
em;1
francs;1
complè;1
décide;1
sort;11
figure;5
tremblant;3
tournèrent;1
passa;5
pourrez;1
partout;4
retroussa;1
engloutir;1
dors;3
fascinés;1
prendrais;1
secrète;1
irais;1
élaboration;2
éclaté;1
précipiter;1
gratuits;2
horrible;1
diffèrent;1
bill;261
tresses;2
ceinture;5
suivi;2
hésitation;2
cowboys;5
cents;3
mêlé;15
prenant;4
plat;1
aider;3
enthousiasme;2
guerriers;8
aussitôt;13
maigre;1
coulèrent;1
traversa;1
effrayante;1
genre;1
honneur;4
inquiet;1
eus;1
sifflèrent;1
revenez;1
délicieuse;1
sympathie;2
assaut;4
huit;1
voisinage;4
courageuse;2
serez;2
remercions;1
brilla;1
peinturées;1
trop;13
peut;36
nul;2
avidement;1
chair;1
sorte;9
escortaient;1
résolus;1
interrompit;4
fenêtre;2
électronique;3
argent;3
douleurs;2
aimes;1
raient;2
ombre;1
pensée;1
église;1
pensaient;1
travail;3
c;83
apporte;1
ployer;1
pencher;1
ennemis;7
bête;5
grinçant;2
dort;2
honorablement;1
us;1
auras;1
joignes;1
humain;2
aux;49
secouer;2
toussa;1
avait;134
devant;25
jurez;1
feriez;1
fou;4
penchant;1
lueur;7
porc;1
fins;1
voudrait;1
prise;3
sentiment;1
doutait;2
chasser;1
roula;1
ou;26
généralement;1
tow;1
brisées;1
repoussé;1
rencontrait;1
rue;1
re;4
quantité;2
attendre;7
cicatrice;3
aperçus;1
frissonnante;1
servir;3
frappât;1
croupe;1
intrépide;1
pousseraient;1
préparaient;1
imprudent;1
pénétrait;2
ours;27
tant;13
aucune;12
vague;1
physionomie;4
précipitèrent;1
arrivant;2
cherchaient;3
arrivé;8
ans;3
espère;3
dispersée;1
rapides;3
viser;1
mettons;2
éloignèrent;1
épais;4
lâche;4
sonore;2
violente;1
puissantes;1
implacable;1
introduisit;1
tiges;2
mains;25
demain;3
cause;2
procéder;1
continua;12
parois;1
effeuilles;1
états;4
beau;6
rivé;1
plai;1
auxquelles;1
jouait;4
eux;13
tournant;2
voleur;3
tra;1
ardeur;5
élancée;1
avance;1
manquer;1
triste;5
ordonna;7
serre;1
rebord;1
durée;3
emmenons;1
êtes;10
vaste;1
calmer;1
mouillés;1
comprit;3
risquer;3
atten;1
combattrons;1
bivouac;1
la;760
leur;82
fuligineuse;1
claire;1
entendit;5
écouté;1
pressa;2
envers;2
entiché;1
expliquer;2
arbuste;1
absolument;3
dos;4
surprise;5
placer;1
rideau;4
réprimant;1
accélérer;1
éloignée;1
des;244
mérite;2
associent;1
occupés;2
restait;1
jamais;15
terme;1
détruite;1
éblouissant;1
mais;135
pièce;1
tournure;1
portaient;2
impassibilité;1
effrayais;1
reposait;1
herbeux;1
accoutumé;1
défiez;1
haïssait;1
ni;17
secouait;1
ignoble;3
agit;7
assura;2
tiendrai;2
genoux;4
fâchait;1
dédaigneux;1
douter;1
criblaient;1
pointa;1
humaine;4
effleurer;1
sourcils;2
rafraîchit;2
ouvrir;1
père;34
adossaient;1
nécessaires;2
servaient;1
arracherais;1
caressants;1
sait;10
gisaient;1
veiller;2
perdez;1
abats;1
ravissant;2
envoyé;2
prierai;1
immixtion;1
renverrai;1
libératrice;1
magasins;1
permission;2
racines;1
une;283
finir;1
abandonné;2
copeaux;1
pro;1
cribles;1
garder;1
bat;1
haussant;2
formaient;3
enlève;1
soyeuses;1
rangs;1
croc;1
aurais;3
exécuté;1
désarçonnée;1
bonnes;1
apporter;1
traîtrises;1
dormeur;1
engagèrent;1
message;2
gredin;1
expi;1
hé;2
emplissait;2
incomparable;1
chapitrer;1
tes;4
échappa;3
relieront;1
mèches;1
informatique;1
plein;5
oui;5
devais;1
embarras;1
envahit;1
manier;4
machinalement;1
œuvre;1
balles;13
assaillants;1
orage;8
wigwams;1
ailleurs;6
confus;1
me;65
pendant;37
appuyé;3
pareil;3
boire;1
magasin;3
petites;1
opposez;1
écoula;1
détendirent;1
tentation;1
principal;1
plions;1
parti;1
soin;2
tor;1
voyez;6
savez;4
large;4
laissent;1
reparais;1
surgir;2
campe;1
aperçut;4
ravisseurs;2
résolution;1
gratitude;2
ignorait;1
hui;5
remerciements;3
éclaireur;2
chambre;4
hochant;1
médecin;3
changea;1
maison;28
rire;4
confuse;1
sabre;1
reculèrent;1
percés;2
succéda;1
sujet;1
tempêtes;1
adieux;1
y;68
messager;5
violem;1
éveille;1
trouve;3
interrompues;1
garçon;1
savent;6
tombé;4
sincère;2
cinglante;1
réfléchissez;1
doutes;1
fr;1
suive;1
mieux;9
valait;3
opinion;1
fenêtres;4
dormir;5
calumet;1
coucher;3
entendant;5
gardent;1
moitié;2
surmonta;1
frayeur;2
étendit;1
considère;2
troué;2
commencent;1
quelles;1
réussit;1
fanatique;1
envoyer;5
pré;1
livrée;1
sein;12
avec;132
situation;4
rapprocha;1
humidité;1
formant;1
edna;7
terminèrent;1
zébraient;1
affreux;1
moribond;1
renouveler;2
sauvé;2
solide;2
charmé;1
passage;2
métis;9
trace;2
repentir;1
vinrent;2
emporterait;1
sentant;1
entourèrent;1
convenablement;1
froncèrent;1
torrentielle;1
asseyez;1
amie;5
objet;1
jeune;66
nulle;1
servante;2
déclaré;1
gardait;1
course;1
festin;3
nerveusement;1
chapeau;1
bouillie;1
joyeux;3
vite;8
culture;1
gagnés;1
déployer;2
fait;41
demandez;1
aurez;2
commis;1
pria;1
crut;1
courbant;1
as;18
opposer;2
www;1
forcé;1
révérence;1
effort;1
vivrais;1
personne;7
soyez;1
sauvages;3
va;12
court;2
prononçait;1
avons;17
tombait;6
trompée;1
engager;1
dépassé;1
nommée;1
flot;1
parle;4
sim;4
présenter;1
ensorcelé;1
servirons;1
personnes;3
noir;4
servant;1
appartiendra;1
confie;1
seize;1
soupir;2
relevé;1
arrivent;2
renversé;1
joli;1
provenir;1
parut;5
gagner;2
croiront;1
conduisez;1
quand;22
abaissait;1
pénétraient;1
émotion;7
criant;1
baignent;1
morceau;1
dépourvu;1
démon;1
agite;1
efforçaient;2
arriver;2
remise;2
mordu;1
charmants;1
jeu;1
dussions;1
construire;2
emportée;1
défense;3
mots;5
déchargeait;1
dépit;1
appuya;1
causeraient;1
périrai;1
main;47
vois;7
bande;26
trouvez;1
majestueux;1
accoutumés;1
pourquoi;17
élevé;1
laisseront;1
passe;1
corters;130
cheyenne;7
périr;1
appartiens;1
pardonne;2
éclatèrent;2
elle;163
préposé;1
remarquant;1
intérêt;1
bandoulière;1
marchèrent;1
dise;1
entouraient;3
désespéré;1
fracas;1
dormaient;1
haleine;1
vière;1
tromperait;1
parce;5
gomorrhe;1
régalera;1
tomahawks;2
gigantesque;2
imposer;2
débats;1
brusquement;2
petit;19
contact;2
coups;15
disposition;1
enfield;67
quarantaine;1
prêté;1
regardait;3
entrer;1
moustaches;1
après;26
non;31
mille;2
gosier;1
confiance;2
suffi;1
portait;6
saurait;2
reconnaissance;2
élèvent;2
croirai;2
mettras;1
bougé;2
emmenèrent;1
rixes;1
crois;24
miss;11
finirons;1
demeure;2
gamins;1
niaiserie;1
enfermer;1
auquel;1
union;2
http;2
sauvage;11
étendirent;1
combattre;3
brillaient;1
dix;14
fermé;2
amoncellerait;1
retournèrent;1
misérables;3
ville;1
prairie;24
rejoints;1
faire;55
suspectez;1
acte;1
allongeait;1
pendaient;1
las;1
donnés;1
sentit;3
plongé;2
déplora;1
embrassées;1
dû;1
écharpe;1
sol;5
antilope;3
basses;1
noires;1
gardée;1
contempler;1
craindre;1
étendues;1
craignait;1
avez;24
dormes;1
prisonniers;3
appli;1
lé;1
maîtresse;2
blante;1
préparez;1
volon;1
mot;11
baissa;2
change;1
siège;2
ténèbres;4
cen;1
aventurer;1
boghei;3
serpentant;1
éloignaient;1
contentera;1
raison;10
fréquenté;1
cela;29
abriter;2
animaux;1
paru;2
compléta;1
fermés;1
toutefois;2
tumultueux;1
célébrerons;3
ex;1
inondant;1
poncho;2
convaincre;1
comparaison;1
pleins;1
beaux;2
asphyxie;1
pays;4
feux;1
revu;1
régna;1
livrèrent;1
règnent;1
crosse;4
noël;1
âme;5
lever;2
crépitement;1
même;65
enlèverai;1
commanderai;1
blessure;2
certaine;7
a;102
quoi;7
obéir;3
battement;1
rétribués;1
mon;84
faute;2
aile;1
plis;1
ramener;1
reposer;1
stature;1
perpétuelle;1
consulterons;1
intime;1
malheureux;8
inspire;1
goutte;4
venus;2
où;63
embrassait;1
dot;1
attachées;1
puisses;1
sourde;4
délibérer;1
voulu;2
appétit;1
écart;4
fu;1
noirs;3
impraticable;1
bienvenu;1
ronflements;1
yvette;1
prudente;2
levèrent;1
formidable;1
chasseurs;1
précieuses;1
rejeta;1
qu;241
tentent;1
plusieurs;8
élancé;1
contempla;1
nombre;7
perdus;3
que;351
qualifiée;1
dé;4
tué;2
personnage;1
côté;34
reparu;1
durent;1
forme;1
bras;33
blessée;5
vingt;2
pipes;1
déta;1
troublé;1
crispait;1
provisoirement;1
désespérés;2
boîte;1
trouvera;2
plats;1
avions;1
diabolique;2
brin;1
dépêchés;1
riant;6
arrivèrent;1
gnet;1
âge;1
habitude;1
cultiver;1
mourut;2
adieu;3
examinés;1
puissent;1
trant;1
visé;1
plaintif;1
retentit;1
remercie;2
temps;51
terres;2
affaires;3
désappris;1
étendu;1
créatures;2
couché;2
terre;26
épaule;6
nécessité;1
ferma;2
arrachée;1
défendre;1
accepter;1
oublié;3
durait;1
poursuivre;3
commençaient;2
chasse;4
lettre;2
courez;1
murmura;13
navigation;1
portèrent;2
part;6
geste;5
entrée;5
puis;27
tiendrait;1
répandus;1
entouré;2
écrit;4
amoncellements;1
célébrer;1
du;164
sel;1
ombres;1
or;6
écrièrent;1
chassons;1
cowboy;4
inspirait;1
ménage;1
démarche;1
bondissant;2
apprête;1
franchement;1
humaines;1
répit;1
gouverna;1
trou;1
enfant;36
entreprendre;1
arrachera;1
vînt;1
prudent;1
cessé;1
bout;9
suivirent;5
envoya;2
aurions;2
retombe;1
revint;4
sûreté;7
seconde;7
sérieux;2
retournant;1
bourrèrent;1
probablement;2
approuva;1
embuscade;2
droite;5
preuve;2
continuez;1
faisant;2
son;167
interlocu;1
emporter;1
con;1
doubles;1
bandits;17
mauvais;11
cercle;2
enragé;2
grave;1
clairière;1
pieds;5
sincères;1
geignait;1
porteront;1
touche;2
bandit;7
poursuivez;1
risquant;1
amena;1
poitrine;11
continué;1
donna;4
réussir;2
saluer;1
centaines;3
arrière;10
gémit;1
pouvions;2
manifesta;1
rôtie;1
montrée;1
sec;2
voir;17
avis;9
tilement;1
déchaînera;1
nuées;1
ouest;7
rie;1
sueur;1
territoires;4
ont;20
comment;11
découvrit;1
donne;1
avançant;1
dollars;1
conifères;1
accent;5
vaillamment;3
réunies;1
auparavant;1
restée;1
détruisit;1
répète;1
fut;22
réponds;1
ruby;58
haute;5
gibiers;1
cile;1
peuvent;7
volant;1
célèbre;5
réussissait;2
surtout;3
cependant;11
esprit;21
chérie;3
soutiré;1
admiration;2
chevau;1
supplie;1
vouait;1
exemple;2
délicate;1
accrocher;1
massacré;1
groupe;5
sais;18
littéraire;1
établissement;2
dit;85
inutilement;2
charger;1
aperçu;2
ornement;2
contrée;1
éplorée;1
rendent;1
moins;15
mesure;1
rouvert;1
délivrée;2
commença;3
donnait;3
entendirent;2
cris;1
butin;1
tempête;10
adversaire;4
efficacité;1
crotté;1
funérailles;1
secondes;1
conjurait;1
sortir;3
pour;165
bien;67
rauque;3
escaladé;1
laissant;1
il;518
tion;4
félicite;1
vous;239
continuer;2
blessant;1
étends;1
desperados;2
fanfaron;1
cours;6
science;1
proposition;3
renvoyez;1
trale;1
étrangla;1
assentiment;1
éternels;2
uns;2
choisir;1
gardes;1
hur;1
jours;2
exterminé;1
hâtez;2
conversèrent;1
décrire;2
mystérieuse;2
effaçait;1
éclats;1
sifflant;1
déchargea;1
devaient;2
fleuve;1
lancer;3
carreaux;1
abandonnez;1
avertissons;1
témoignait;1
douceur;2
apprécier;1
discutant;1
raide;1
tenus;1
towners;34
projectiles;1
put;1
enfer;10
culbuta;1
gardien;1
fusillés;1
bon;13
effet;15
attelage;1
lèvres;15
double;1
juré;6
sentira;1
notre;17
perles;1
recèle;2
coursier;1
tourbillons;1
voyons;2
inquiéter;1
toutes;7
réserve;1
verras;1
admirer;1
sentiments;2
saurez;2
ait;11
cruellement;1
déchiquetées;1
illumina;2
fendre;1
déchirait;1
auront;1
presser;2
morte;1
impérieuse;2
demande;1
quel;8
poêle;2
mirages;1
violon;4
ar;1
fillette;2
connais;11
tâcher;1
rompit;1
rêves;1
retraite;3
entraînaient;1
semblait;6
reliât;1
apparaissaient;1
sûr;4
amour;3
commencèrent;1
coolmicro;1
nuages;3
pressant;2
tendue;1
rentrer;1
chuchota;1
vivres;1
déployait;1
amène;1
t;51
examiner;2
entends;1
barbe;13
décisif;1
saisit;7
fuirons;1
voltigèrent;1
duquel;1
alle;1
très;12
intelligence;1
homme;55
tombant;1
trouva;4
robe;2
pourrai;3
allées;1
chute;2
inertes;1
herbe;6
vante;1
affolées;1
tua;1
légers;1
longue;6
bagage;1
simples;1
battu;2
l;427
mener;2
branches;4
promenaient;1
saurons;1
prononcez;1
regardèrent;1
role;1
encore;52
jeux;1
descendirent;2
semblèrent;1
offrir;1
activité;1
chien;5
perdons;2
partage;1
pénétrante;1
arrêtés;1
mandat;1
mépris;1
pa;2
impossibilité;1
serré;1
trempés;1
racine;3
quelconque;1
rive;10
complètement;3
ramper;1
lent;1
tuant;1
chenapans;3
gosiers;1
sut;1
distincte;1
longtemps;20
pouvons;7
seur;1
droit;3
arrivées;1
courts;3
paisiblement;1
plus;102
seuls;4
connu;2
amuserez;1
moyen;1
poral;1
cils;2
loyale;1
englouti;1
retenu;1
efforçait;2
appartenaient;1
leste;1
café;1
combats;4
commerce;1
serrait;1
coup;42
inu;1
dormi;2
confierais;1
mêmes;1
enverra;1
cache;3
île;42
blonds;1
heureuses;2
te;37
jambe;1
assurément;1
malheureusement;2
cadavre;2
femme;46
réduits;1
toujours;25
hypocrite;1
écrié;1
dignité;1
reverrai;2
silhouettes;1
rapidité;1
assurer;2
calibre;1
mettrait;1
délicats;1
mères;1
conduits;2
préféra;1
disparaître;2
amener;1
publication;1
provoquer;1
effroyablement;1
dommage;1
persuader;1
nayé;1
soi;1
peaux;10
minute;10
hurlements;1
intention;2
motifs;1
créature;6
souplesse;2
joignit;1
fais;4
quant;1
voleurs;15
mérité;1
sibilité;1
retarda;1
fusils;6
nouvelle;3
obtenir;1
herbue;2
creusée;1
portefeuille;1
chacun;5
conduit;1
monticule;1
sanglotait;1
flanc;2
tendresse;1
baisa;1
visiter;1
printemps;2
traits;8
derson;1
volent;1
escaladaient;1
chargée;1
vivement;6
inactifs;1
revient;2
fureur;2
riait;1
massacrent;1
saisi;2
dois;4
fourberie;1
fier;2
expres;1
débuter;1
tressaillement;1
premières;1
légitimes;1
bûche;1
ayons;2
altérée;1
prévenant;1
cour;3
tristement;2
crie;1
triomphe;3
laisser;11
disparaissait;1
jupin;1
flammes;2
tue;1
goûter;1
approché;1
alors;26
aveux;1
courant;2
perçu;1
rameau;1
grondeuse;1
descendent;1
lisière;1
orgueil;2
voix;48
tendait;1
lancés;1
places;1
agence;9
décidément;1
feutre;1
approchez;1
désert;1
acclamation;1
crânes;1
enfoncer;1
devait;11
gaillard;3
remercia;1
sauveur;1
lisaient;1
montés;1
abominable;1
construit;2
remarque;1
pensât;1
lancée;1
fants;1
rigoles;1
appeler;4
prêt;5
nobles;1
finalement;1
celle;5
abattit;2
auxquels;1
solitudes;1
pourras;1
veuille;1
suivre;7
joe;25
phoque;2
obéissaient;1
emparés;1
repoussant;1
jouât;1
voiles;1
sept;3
foncé;1
rejailli;1
garnie;1
sûrement;3
parfaitement;1
vêtements;1
invention;1
évoque;1
incliné;1
veut;7
ébranlaient;1
escorter;1
imprécations;1
propre;2
idée;3
nouvel;1
prépare;1
pied;6
promener;1
mécréant;1
nait;2
serpent;9
taine;1
marchions;1
bons;7
es;15
lui;169
commettre;2
agir;2
fermèrent;2
convoiteuse;1
approche;2
jaillissait;1
ça;6
réflexions;1
manières;2
stark;12
allumerez;1
laisserais;1
cée;1
expliquez;1
germe;1
renommée;1
obligerait;1
flèches;2
tas;1
actions;1
écria;48
grâce;3
soixante;2
jetèrent;2
conflit;1
ebooks;2
sanglots;1
mal;12
lien;1
sentent;1
vaillant;5
livrer;4
vacarme;2
promit;1
labourait;1
engagé;1
splendeur;2
orages;1
al;2
blême;2
midi;2
sérieusement;1
indiqué;3
knife;5
accorder;1
mêla;1
vais;7
choses;4
nébuleuse;1
circonstance;1
brunes;2
infortunée;2
reposera;1
cochère;1
rent;2
unis;3
perdu;5
vengera;1
perdues;3
dirigées;1
group;1
démontré;1
dant;1
immédiate;2
reflet;2
gracieux;4
fête;3
coule;2
refermer;1
malgré;3
bride;1
eusse;1
mer;4
telée;1
habilement;1
cette;86
souper;1
poursuivie;4
rapportaient;1
ferez;1
jointes;1
passant;1
défendait;1
reprit;21
angoissée;1
assurée;1
dormeuse;1
agonie;2
remarqua;4
gravés;1
amateurs;1
gratta;1
guidé;1
menées;1
infernal;1
élevant;1
core;1
porterai;1
dédaigne;1
devinrent;1
hoquets;1
commun;1
vraiment;6
courageux;1
emportés;2
grêle;2
paternelle;1
remarquer;1
inquiets;1
appétissants;1
blancheurs;1
refusez;1
élancèrent;1
arrive;1
douta;1
relevant;2
intimider;1
accomplirent;1
crime;1
voici;3
diable;5
mériteriez;1
troupe;7
propos;3
aujourd;5
tenais;1
étais;2
tournait;1
précise;1
ce;173
chas;1
coquin;13
chiens;2
lieu;7
ouvrit;6
froncés;1
suprême;1
légère;3
compagnons;14
éloignés;1
camarade;3
brilleront;1
adresse;3
outrage;1
soir;6
habiles;1
luisait;1
lette;1
mait;1
tiendrais;1
ca;1
surpris;3
rendez;1
laisserai;1
agenouillant;1
bonheur;2
noblesse;1
lors;1
finissent;1
pins;4
intéressant;1
trem;1
ride;1
chose;15
unique;2
vouloir;2
condition;1
parole;7
offrions;1
éloigne;1
constituaient;1
bu;1
prenons;2
appelait;2
folle;1
tuez;1
apparaissait;2
teint;1
vertus;1
plaines;1
éclat;2
descendrait;1
sanguinaire;1
espoir;1
résolut;2
conversation;5
cavalcade;1
assujettissez;1
rapport;2
principales;1
nuit;33
tracé;1
diminuait;1
debout;6
jambons;1
coffre;2
talons;1
lequel;8
rencontrer;1
coûterait;1
cri;22
proche;1
tireurs;1
serve;1
lançant;2
questions;1
gorge;3
rusé;1
fieffé;1
horde;2
chait;1
attendrons;1
criè;1
chagrin;1
hérissée;1
s;246
oncle;6
salle;14
pleurant;1
exploitation;1
artificiel;1
torture;2
dormait;4
droits;3
livre;3
che;3
reçue;1
revenait;1
protec;1
résolu;2
arbrisseau;1
torrents;1
péniblement;2
coucha;1
démons;3
provision;1
éléments;1
inclinant;1
fameux;3
marche;2
signifie;3
yeux;36
présent;2
auprès;8
remplit;3
silencieuse;2
avirons;1
extrémité;1
enverrons;1
levés;1
établir;1
chaient;1
entrouvraient;1
aimée;3
anxiété;1
déchirants;1
perspective;1
retirez;2
tôt;3
dressa;1
atteler;2
sentir;1
davantage;5
surplombants;1
centaine;1
enlever;2
quels;1
donc;24
véritablement;1
monter;1
comprendre;3
resterai;1
sera;14
réunit;1
équestre;1
hors;4
brouillard;1
visite;2
brûlaient;1
vierge;7
recommencé;1
eaux;3
révéler;1
dernière;4
livrait;1
siens;4
mets;2
amitié;1
hurlement;3
long;8
troubler;1
explosion;3
chancela;2
donnerai;4
énergi;1
trahirent;1
bûcher;1
fortification;1
radeau;15
ne;280
désespoir;5
sachant;1
fumant;1
tarder;3
éleva;3
employé;2
tripes;1
vins;1
farouche;2
tendit;5
tures;1
sifflement;1
détonations;3
pratiquaient;1
luit;1
porter;8
éloigné;1
froidement;1
inquiétez;1
doit;8
couchée;2
alla;6
supérieures;1
répondit;41
plice;1
connaissances;1
trouvait;1
donné;12
pressés;1
valide;1
eussions;1
être;67
envoient;1
hauteur;1
buissonneux;1
refusai;1
molle;3
offert;3
victimes;6
perfidie;1
détails;1
connaissance;1
tendres;1
espèce;1
montrer;3
semblable;2
étonnés;1
trait;1
étendait;1
réchauffera;1
clairement;2
qua;1
quittaient;1
déchirées;1
ridicule;1
parfaite;1
plaisir;2
tonnerre;11
termes;1
reconnue;1
pensé;1
mollement;1
arracher;7
supra;1
sinistres;2
méchante;1
prochaine;4
élança;1
dura;1
froid;2
web;1
profondeurs;1
spectacle;4
rapporter;1
chevauchait;1
réjouissait;1
énergiquement;1
plutôt;4
frappa;2
pêcher;1
venait;5
méchants;1
violemment;3
faux;4
doucement;1
eussiez;1
cessait;1
levé;2
coupés;1
gredins;1
allan;2
valoir;1
mine;7
si;93
chaque;7
libérateurs;1
barrée;1
protectrice;1
ennemi;8
vieux;7
retentissante;1
trouvé;3
trouverez;1
réunir;1
prenait;1
avoir;25
veillerai;1
convaincue;1
fatal;1
nôtres;3
face;7
léger;3
gloires;1
troncs;3
épouvante;2
mit;5
élancés;1
cascatelles;1
sourd;2
poursuivit;1
éclatait;1
portants;1
gravi;1
perfide;1
seule;6
poivre;1
hâta;1
assit;1
causait;1
fidèle;1
kansas;16
hommes;59
suivez;2
écoute;3
commencerons;1
revenaient;1
bouquet;1
emporte;1
jure;3
avances;1
montré;1
mirent;5
